"Megekko Vandaag voor 22:30 besteld, morgen in huis!"
"â‚¬ 154,95"
Alternate.nl kijk op alternate.nl/25-jaar voor jubileumacties
"â‚¬ 154,95"
Azerty Snelle levering | Ruime garantie | Gratis advies
"â‚¬ 178,-"
SiComputers Betaal nu met â‚¿itcoin
"â‚¬ 178,86"
SWW Computer
"â‚¬ 182,90"
Amazon.nl Marketplace Verkoop door Azerty NL
"â‚¬ 185,19"
Proshop.nl Meer dan 200.000 producten tegen scherpe prijzen
"â‚¬ 186,89"
bol.com Plaza Verkoop door NoRRoD.nl powered by Paradigit
"â‚¬ 187,79"
Levix Computershop
"â‚¬ 189,-"
Informatique Groot aanbod | Deskundig advies
"â‚¬ 189,-"
codima
"â‚¬ 189,-"
Yorcom
"â‚¬ 189,95"
Orion Computerworld Gratis verzenden vanaf 250 euro
"â‚¬ 192,55"
Micro-Mail Zeewolde BV
"â‚¬ 192,70"
Reichelt
"â‚¬ 192,92"
My Media Center AMD
"â‚¬ 194,-"
Update.nl
"â‚¬ 194,30"
MiniPC
"â‚¬ 198,47"
Uw Game Specialist
"â‚¬ 199,-"
NoRRoD.nl
"â‚¬ 199,-"
HardwareWebwinkel.nl Meer stuks nodig? -> vraag uw prijs!
"â‚¬ 199,05"
RedShell.nl | zakelijk Kopersbescherming tot â‚¬ 2.500
"â‚¬ 204,97"
Productpine Groener shoppen zonder meer te betalen ðŸŒ±
"â‚¬ 210,-"
MegaMobile
"â‚¬ 369,10"
